Workbook

Sheet Лист1
A1: Фамилия Имя Отчество | B1: Город рождения | C1: Дата рождения | D1: Оценки по курсу | H1: Возраст | I1: Средний балл | J1: Средний балл по коэффиценту | K1: Коэффицент
D2: Информатика | E2: Линейная алгебра | F2: Культурология | G2: Психология | K2: 2.4
A3: Иванов Иван Иванович | B3: Санкт-Петербург | C3: 39345 | D3: 5 | E3: 3 | F3: 4 | G3: 4 | H3: =(YEAR(NOW())-YEAR(C3)) -> 18 | I3: =SUM(D3:G3) / (4 - COUNTIF(D3:G3,"н/я")) -> 4 | J3: =I3*$K$2 -> 9.6
A4: Лапушкин Валерий Федорович | B4: Санкт-Петербург | C4: 38944 | D4: 4 | E4: 4 | F4: 4 | G4: 4 | H4: =(YEAR(NOW())-YEAR(C4)) -> 19 | I4: =SUM(D4:G4) / (4 - COUNTIF(D4:G4,"н/я")) -> 4 | J4: =I4*$K$2 -> 9.6
A5: Калиточкин Михаил Сергеевич | B5: Муранск | C5: 38052 | D5: н/я | E5: 3 | F5: 4 | G5: 4 | H5: =(YEAR(NOW())-YEAR(C5)) -> 21 | I5: =SUM(D5:G5) / (4 - COUNTIF(D5:G5,"н/я")) -> 3.6666667 | J5: =I5*$K$2 -> 8.8
A6: Знаев Дмитрий Алексеевич | B6: Архангельск | C6: 39075 | D6: 5 | E6: 5 | F6: 5 | G6: 5 | H6: =(YEAR(NOW())-YEAR(C6)) -> 19 | I6: =SUM(D6:G6) / (4 - COUNTIF(D6:G6,"н/я")) -> 5 | J6: =I6*$K$2 -> 12
A7: Валюшин Роман Капитонович | B7: Калининград | C7: 39124 | D7: 3 | E7: н/я | F7: 4 | G7: 4 | H7: =(YEAR(NOW())-YEAR(C7)) -> 18 | I7: =SUM(D7:G7) / (4 - COUNTIF(D7:G7,"н/я")) -> 3.6666667 | J7: =I7*$K$2 -> 8.8
A8: Завитушкин Владимир Ильич | B8: Санкт-Петербург | C8: 38977 | D8: 4 | E8: 5 | F8: 3 | G8: 5 | H8: =(YEAR(NOW())-YEAR(C8)) -> 19 | I8: =SUM(D8:G8) / (4 - COUNTIF(D8:G8,"н/я")) -> 4.25 | J8: =I8*$K$2 -> 10.2

Sheet Лист2
A1: Распределение среднего балла
A2: Средний балл | B2: 5 | C2: 4-5 | D2: <4
A3: Количество учащихся | B3: =COUNTIF(Лист1!$I$3:$I$8,5) -> 1 | C3: =COUNTIFS(Лист1!I3:I8,"<5",Лист1!I3:I8,">=4") -> 3 | D3: =COUNTIF(Лист1!$I$3:$I$8,"<4") -> 2

Sheet Лист3
A1: Предмет | B1: Средний балл по предмету
A2: Информатика | B2: =AVERAGE(Лист1!D3:D8) -> 4.2
A3: Линейная алгебра | B3: =AVERAGE(Лист1!E3:E8) -> 4
A4: Культурология | B4: =Лист1!F3:F8 -> 4
A5: Психология | B5: =AVERAGE(Лист1!G3:G8) -> 4.3333333
